{"mean":{"confidence_interval":{"confidence_level":0.95,"lower_bound":404069148.425,"upper_bound":444165982.425},"point_estimate":422421166.0,"standard_error":10274516.322678281},"median":{"confidence_interval":{"confidence_level":0.95,"lower_bound":378004100.0,"upper_bound":394430300.0},"point_estimate":387495200.0,"standard_error":4156075.7899299925},"median_abs_dev":{"confidence_interval":{"confidence_level":0.95,"lower_bound":18078379.29904461,"upper_bound":38850197.97027111},"point_estimate":29725832.95226097,"standard_error":5330569.005633129},"slope":null,"std_dev":{"confidence_interval":{"confidence_level":0.95,"lower_bound":60002371.38274119,"upper_bound":140885983.75831878},"point_estimate":103665867.3533515,"standard_error":20681451.08679101}}