{"mean":{"confidence_interval":{"confidence_level":0.95,"lower_bound":234343983.75,"upper_bound":257499902.6},"point_estimate":245535952.0,"standard_error":5914045.727470815},"median":{"confidence_interval":{"confidence_level":0.95,"lower_bound":212613100.0,"upper_bound":233665400.0},"point_estimate":221754350.0,"standard_error":6378789.251536474},"median_abs_dev":{"confidence_interval":{"confidence_level":0.95,"lower_bound":20756622.021496296,"upper_bound":44458725.410699844},"point_estimate":31726082.70674944,"standard_error":6812964.991946769},"slope":null,"std_dev":{"confidence_interval":{"confidence_level":0.95,"lower_bound":47713730.27149976,"upper_bound":69545732.80947189},"point_estimate":59770245.32897067,"standard_error":5586267.058310429}}